<?xml version="1.0" encoding="UTF-8"?><beans xmlns="http://www.springframework.org/schema/beans"       xmlns:xsi="http://www.w3.org/2001/XMLSchema-instance"       xmlns:aop="http://www.springframework.org/schema/aop"       xmlns:tx="http://www.springframework.org/schema/tx"       xmlns:context="http://www.springframework.org/schema/context"       default-autowire="byName" default-lazy-init="true"       xsi:schemaLocation="       http://www.springframework.org/schema/beans http://www.springframework.org/schema/beans/spring-beans.xsd       http://www.springframework.org/schema/aop http://www.springframework.org/schema/aop/spring-aop-3.1.xsd       http://www.springframework.org/schema/tx http://www.springframework.org/schema/tx/spring-tx-3.1.xsd       http://www.springframework.org/schema/context http://www.springframework.org/schema/context/spring-context-3.1.xsd       ">         <bean id="propertyConfigurer" class="org.springframework.beans.factory.config.PropertyPlaceholderConfigurer">        <property name="locations">            <list>                <!--default:<value>file:/Users/armstrong/work/java/helios_messagebus/resource/redis.properties</value>                <value>file:/Users/armstrong/work/java/helios_messagebus/resource/application.properties</value>-->                <value>resource/redis.properties</value>                <value>resource/application.properties</value>                <!--<value>file:/data/webapps/message_bus/config/redis.properties</value>-->                <!--<value>file:/data/webapps/message_bus/config/application.properties</value>-->            </list>        </property>    </bean></beans>