<?xml version="1.0" encoding="UTF-8"?>
<beans xmlns="http://www.springframework.org/schema/beans"
	xmlns:xsi="http://www.w3.org/2001/XMLSchema-instance" xmlns:aop="http://www.springframework.org/schema/aop"
	xmlns:tx="http://www.springframework.org/schema/tx" xmlns:context="http://www.springframework.org/schema/context"
	default-autowire="byName" default-lazy-init="true"
	xsi:schemaLocation="
       http://www.springframework.org/schema/beans http://www.springframework.org/schema/beans/spring-beans.xsd
       http://www.springframework.org/schema/aop http://www.springframework.org/schema/aop/spring-aop-3.1.xsd
       http://www.springframework.org/schema/tx http://www.springframework.org/schema/tx/spring-tx-3.1.xsd
       http://www.springframework.org/schema/context http://www.springframework.org/schema/context/spring-context-3.1.xsd">

	<!-- MongoDB -->
	<bean id="mongoOptions" class="com.mongodb.MongoOptions">
		<property name="connectionsPerHost" value="${mongodb.connectionsPerHost}"></property>
		<property name="threadsAllowedToBlockForConnectionMultiplier" value="${mongodb.threadsAllowedToBlockForConnectionMultiplier}"></property>
		<property name="autoConnectRetry" value="${mongodb.connectRetry}"></property>
	</bean>
	
	<bean id="mongo" class="org.springframework.data.mongodb.core.MongoFactoryBean"> 
        <property name="host" value="${mongodb.host}" />
        <property name="port" value="${mongodb.port}" />
        <property name="mongoOptions" ref="mongoOptions"></property>
    </bean>

    <bean id="mongoDbFactory" class="org.springframework.data.mongodb.core.SimpleMongoDbFactory"> 
        <constructor-arg index="0" ref="mongo" />
        <constructor-arg index="1" value="${mongodb.name}" />
        <!--<constructor-arg index="2" ref="mongoUserCredentials" />-->

    </bean>
    
    <bean id="mongoUserCredentials" class="org.springframework.data.authentication.UserCredentials">
        <constructor-arg index="0" value="moretvtest" />
        <constructor-arg index="1" value="moretvtest123"/>
    </bean>

    <bean id="mappingContext" class="org.springframework.data.mongodb.core.mapping.MongoMappingContext" />
    
    <!-- 去掉_class字段 -->
    <bean id="defaultMongoTypeMapper" class="org.springframework.data.mongodb.core.convert.DefaultMongoTypeMapper">  
        <constructor-arg index="0"><null/></constructor-arg>  
    </bean>
     
    <bean id="mappingMongoConverter" class="org.springframework.data.mongodb.core.convert.MappingMongoConverter">  
        <constructor-arg index="0" ref="mongoDbFactory" />  
        <constructor-arg index="1" ref="mappingContext" />  
        <property name="typeMapper" ref="defaultMongoTypeMapper" />  
    </bean>
    
    <bean id="mongoTemplate" class="org.springframework.data.mongodb.core.MongoTemplate">
        <constructor-arg index="0" ref="mongoDbFactory" />  
        <constructor-arg index="1" ref="mappingMongoConverter" />  
    </bean>
	
</beans>
