<?xml version="1.0" encoding="UTF-8" ?>
<beans xmlns="http://www.springframework.org/schema/beans"
	xmlns:xsi="http://www.w3.org/2001/XMLSchema-instance"
	xsi:schemaLocation="http://www.springframework.org/schema/beans   
         http://www.springframework.org/schema/beans/spring-beans-2.0.xsd">

	<!-- 总管理类  如果将 lazy-init='false' 那么容器启动就会执行调度程序  -->
	<bean id="schedulerFactory" lazy-init="false" autowire="no" class="org.springframework.scheduling.quartz.SchedulerFactoryBean">
		<property name="triggers">
			<list>
				<ref bean="quartzJobPusRunTask" />
			</list>
		</property>
	</bean>

	<bean id="quartzJobPusRunTask" class="org.springframework.scheduling.quartz.CronTriggerBean">
		<property name="jobDetail">
			<ref bean="quartzJobPusTask" />
		</property>
		<property name="cronExpression">
			<value>${quartzJobCollTask}</value>
		</property>
	</bean>
	<bean id="quartzJobPusTask" class="org.springframework.scheduling.quartz.MethodInvokingJobDetailFactoryBean">
		<property name="targetObject">
			<ref bean="processCollectJob" />
		</property>
		<property name="targetMethod">
			<value>startProcess</value>
		</property>
		<property name="concurrent" value="false" />
	</bean>
	
	<bean id="processCollectJob" class="com.moretv.job.ProcessCollectJob">
		<property name="jedisPool" ref="jedisPool"></property>
		<property name="personalMessageService" ref="personalMessageService"></property>
	</bean>
	
</beans>
